Symbol,Turnover(mln),PE,ChangeHand%,Close,Rate %,100-D Rate %, EMA above below,Trend
SPY,48528,0.0,0.0,374.29,2.43,-8.64,-30,ETF  BEAR 10
QQQ,21159,0.0,0.0,275.42,2.34,-11.31,-30,ETF  BEAR 14
TSLA,15906,60.05,2.41,214.44,3.45,-12.56,-20,HIGH  BULL 1
AAPL,12591,23.75,0.54,147.27,2.71,-5.99,-20,MID  BEAR 10
SQQQ,9381,0.0,0.0,54.08,-7.06,10.78,20,LOW  BULL 10
IWM,7764,0.0,0.0,172.7,2.17,-7.03,-30,MID  BEAR 10
NVDA,7478,40.1,2.45,124.66,2.23,-35.19,-200,LOW  BEAR 15
NFLX,7028,25.55,5.59,289.57,7.98,-33.0,-20,MID  BULL 1
AMZN,6526,104.73,0.55,119.32,3.53,-15.71,-20,MID  BEAR 13
MSFT,6290,24.82,0.35,242.12,2.53,-7.3,-200,MID  BEAR 13
TQQQ,6179,0.0,0.0,20.57,7.08,-40.51,-200,LOW  BEAR 14
META,5942,10.39,1.72,130.01,-1.16,-22.16,-200,LOW  BULL 1
AMD,5479,30.34,5.9,58.82,1.82,-11.84,-200,MID  BEAR 14
HYG,4351,0.0,0.0,72.49,0.96,-5.28,-200,MID  BEAR 17
TLT,4316,0.0,0.0,93.17,-1.8,-9.17,-200,LOW  BEAR 22
GOOGL,3237,8.42,0.54,101.13,1.16,-14.89,-200,LOW  BEAR 14
GOOG,2902,9.93,0.41,101.48,0.94,-14.37,-200,LOW  BEAR 14
TWTR,2560,-341.53,6.69,49.89,-4.86,-8.6,-30,MID  BULL 2
JPM,2475,9.67,0.7,122.23,5.25,-9.11,20,MID  BULL 2
XOM,2406,11.33,0.55,105.86,1.86,9.96,200,MID  BULL 1
XLE,2179,0.0,0.0,86.93,2.89,0.3,200,ETF  BULL 1
EFA,2164,0.0,0.0,57.99,1.81,-13.21,-200,LOW  BEAR 15
BAC,1893,10.23,0.68,34.95,3.71,-11.7,-20,MID  BULL 1
LQD,1872,0.0,0.0,99.48,0.28,-4.59,-200,LOW  BEAR 17
SNAP,1852,-11.14,15.21,7.76,-28.08,-62.38,20,LOW  BULL 3
VZ,1816,7.7,1.23,35.35,-4.46,-21.41,-200,LOW  BEAR 31
SLB,1739,23.94,2.5,50.41,10.33,-8.7,40,MID  BULL 2
XLF,1735,0.0,0.0,32.19,2.98,-8.67,-20,ETF  BULL 1
DIA,1644,0.0,0.0,310.88,2.56,-7.69,-200,MID  BEAR 10
PFE,1632,8.61,0.65,44.95,4.75,-4.66,-200,LOW  BULL 1
DHR,1622,26.32,0.92,244.59,0.62,6.34,-20,HIGH  BULL 2
AXP,1604,13.71,1.57,140.04,-1.67,-15.35,-20,MID  BULL 1
IVV,1555,0.0,0.0,375.81,2.41,-8.55,-30,MID  BEAR 10
EEM,1537,0.0,0.0,35.27,1.53,-11.08,-200,LOW  BEAR 10
UNH,1534,25.69,0.31,533.73,2.47,-2.48,-30,HIGH  BEAR 10
VOO,1485,0.0,0.0,343.9,2.4,-8.62,-30,MID  BEAR 10
SOXL,1455,0.0,0.0,8.58,11.43,-49.04,-200,LOW  BEAR 15
V,1429,24.65,0.4,190.37,1.68,-4.87,-200,MID  BEAR 14
JNJ,1423,23.15,0.32,168.71,2.18,-9.49,-160,LOW  BULL 1
INTC,1412,5.8,1.29,26.97,3.41,-34.36,-200,LOW  BEAR 30
BABA,1397,30.79,0.74,72.18,0.22,-1.45,-200,China  BEAR 6
TMO,1393,26.16,0.72,496.74,2.03,-0.83,-30,HIGH  BEAR 14
T,1379,6.08,1.14,17.1,2.15,-12.62,-200,LOW  BEAR 14
CVX,1371,11.67,0.41,173.19,2.5,-6.9,200,MID  BULL 1
SIVB,1362,8.15,9.51,230.03,-23.95,-21.25,-200,MID  BEAR 10
CRM,1320,298.82,0.83,160.17,1.7,-15.05,-200,LOW  BEAR 14
UNP,1265,16.57,1.09,190.53,2.19,-5.59,-20,MID  BEAR 10
ASML,1250,32.54,0.69,462.23,5.71,-18.82,-200,MID  BEAR 15
TXN,1221,17.01,0.84,159.72,3.9,-4.65,-30,MID  BEAR 14
EWZ,1219,0.0,0.0,34.09,3.74,-15.3,50,MID  BULL 1
SOXS,1206,0.0,0.0,63.5,-10.76,-3.72,30,LOW  BULL 10
PYPL,1205,47.22,1.25,83.94,-0.99,-7.17,60,HIGH  BULL 1
HCA,1198,10.5,2.19,196.66,-5.73,-16.13,50,MID  BULL 3
AVGO,1190,17.99,0.66,449.73,4.52,-12.59,-200,MID  BEAR 10
PANW,1190,-181.58,2.47,162.03,2.18,-10.15,90,HIGH  BULL 3
COST,1190,36.22,0.57,478.18,2.92,-9.71,-20,MID  BEAR 10
SMH,1183,0.0,0.0,186.35,3.45,-12.37,-200,ETF  BEAR 15
OXY,1178,6.04,1.79,71.26,3.5,8.66,-20,MID  BEAR 4
ENPH,1168,167.99,3.46,252.0,3.16,56.29,200,HIGH  BULL 4
SPXL,1165,0.0,0.0,60.34,7.14,-30.22,-200,MID  BEAR 14
GOVT,1163,0.0,0.0,22.22,0.09,-3.09,-200,LOW  BEAR 23
XLI,1155,0.0,0.0,88.69,2.75,-6.03,-20,ETF  BEAR 10
GS,1139,8.0,1.04,325.1,4.6,1.24,-20,HIGH  BEAR 10
ORCL,1126,33.75,0.58,72.7,4.98,-4.59,-20,HIGH  BEAR 14
MU,1120,7.01,1.86,56.05,4.38,-21.02,-200,LOW  BEAR 15
ADBE,1111,29.59,0.79,306.37,1.32,-9.54,-200,MID  BEAR 14
LLY,1104,56.89,0.34,340.77,3.56,6.97,-40,HIGH  BULL 2
XLY,1097,0.0,0.0,142.4,2.91,-10.67,-20,ETF  BULL 1
IEFA,1087,0.0,0.0,54.48,1.77,-13.19,-200,LOW  BEAR 15
MA,1079,30.13,0.37,302.37,2.06,-7.7,-200,MID  BEAR 14
NSC,1075,16.1,2.2,208.04,1.55,-5.67,-20,MID  BEAR 10
MBB,1075,0.0,0.0,88.86,0.2,-2.56,-200,LOW  BEAR 17
CSCO,1066,14.88,0.61,42.8,2.61,-11.69,-20,MID  BEAR 10
XLV,1058,0.0,0.0,126.54,2.25,-5.72,-200,ETF  BULL 1
GLD,1057,0.0,0.0,154.15,1.78,-12.1,-200,LOW  BEAR 16
XLK,1055,0.0,0.0,124.34,2.68,-8.46,-40,ETF  BEAR 13
MUB,1040,0.0,0.0,102.12,-0.3,-1.51,-200,LOW  BEAR 18
MRNA,1030,3.57,2.08,128.32,8.4,-6.84,-200,LOW  BEAR 18
DIS,1027,59.21,0.56,102.04,3.5,-12.68,60,MID  BEAR 10
LRCX,1011,10.38,2.03,369.29,3.77,-5.93,-200,MID  BEAR 15
ARKK,994,0.0,0.0,35.88,1.79,-25.26,-200,MID  BEAR 17
XLU,980,0.0,0.0,63.31,1.85,1.59,200,ETF  BULL 3
MRK,976,14.62,0.41,95.67,2.94,1.81,-50,LOW  BEAR 10
SHOP,947,-19.89,2.58,29.75,0.07,-42.52,-200,LOW  BEAR 17
AMAT,941,10.67,1.34,82.42,4.78,-17.56,-200,LOW  BEAR 15
CMCSA,936,9.58,0.7,30.48,0.07,-26.36,-200,LOW  BEAR 17
HD,935,16.71,0.33,275.53,2.25,-2.61,-30,MID  BEAR 13
ABT,933,21.1,0.56,95.06,-0.16,-9.58,-200,LOW  BULL 2
IBM,932,92.97,0.8,129.9,1.25,0.03,-90,LOW  BEAR 12
FDX,928,11.11,2.33,153.23,2.06,0.12,-200,LOW  BEAR 14
JNK,925,0.0,0.0,88.77,0.75,-6.4,-200,LOW  BEAR 15
PBR,923,1.91,1.55,16.05,3.95,-7.38,-20,MID  BEAR 4
VALE,920,3.3,1.42,14.33,4.29,-27.95,-200,LOW  BULL 1
AMGN,886,20.49,0.66,251.94,1.81,-2.24,-40,MID  BULL 1
SPXS,885,0.0,0.0,25.03,-7.09,13.02,20,LOW  BULL 10
PEP,874,24.54,0.37,173.06,0.93,0.19,-20,HIGH  BEAR 10
REGN,871,13.68,1.12,713.91,1.14,1.13,50,HIGH  Breakout
TSM,863,11.21,0.26,63.75,0.27,-18.02,-200,LOW  BEAR 15
VEA,863,0.0,0.0,37.68,1.87,-12.95,-200,LOW  BEAR 15
ACN,859,24.72,0.51,269.57,2.98,-9.36,-200,MID  BEAR 13
QCOM,856,10.11,0.67,115.74,3.36,-6.38,-200,MID  BEAR 15
SPXU,849,0.0,0.0,18.96,-7.2,13.05,20,LOW  BULL 10
FCX,849,11.81,1.91,32.03,9.99,-36.47,-200,LOW  BULL 2
KO,837,25.29,0.35,55.96,1.6,-4.23,-50,MID  BEAR 10
EMB,835,0.0,0.0,77.94,1.1,-7.67,-200,MID  BEAR 15
WFC,828,10.59,0.49,44.83,2.7,-5.23,50,HIGH  BULL 2
MCD,824,30.8,0.44,254.55,1.91,1.61,-20,HIGH  BEAR 1
DVN,824,9.24,1.71,74.29,3.64,8.75,200,MID  BEAR 2
WMT,823,26.77,0.22,136.8,2.02,-13.2,50,MID  BULL 3
C,822,5.53,0.97,44.26,3.12,-4.25,-200,MID  BEAR 14
PG,818,20.91,0.27,128.58,1.25,-12.2,-200,LOW  BEAR 10
ELV,810,19.64,0.66,511.04,1.76,-4.53,200,MID  BULL 1
CSX,807,14.45,1.37,27.54,1.7,-7.54,-20,MID  BEAR 10
NEE,802,54.56,0.57,71.65,1.43,9.86,200,HIGH  BULL 3
SBUX,800,24.4,0.79,88.61,2.1,9.2,80,HIGH  BULL 3
XOP,793,0.0,0.0,147.59,2.24,-0.12,200,MID  BULL 1
ABBV,791,20.58,0.31,147.06,2.89,-9.55,-120,LOW  BULL 2
PDD,788,24.79,1.08,58.97,5.51,75.28,120,China  BULL 13
AGG,784,0.0,0.0,93.77,0.15,-3.15,-200,LOW  BEAR 17
BA,761,-15.9,0.92,141.32,1.57,-15.3,-20,MID  BEAR 10
SQ,760,-67.58,2.37,55.99,1.47,-40.86,-200,LOW  BEAR 16
HUM,753,20.56,1.17,510.54,1.03,4.32,-20,HIGH  BEAR 10
FXI,751,0.0,0.0,23.92,0.63,-5.38,-200,China  BEAR 6
IYR,732,0.0,0.0,78.87,0.69,-11.83,-200,MID  BEAR 14
LMT,730,20.3,0.62,454.61,2.31,-8.34,-20,MID  BEAR 10
VTEB,730,0.0,0.0,47.91,-0.25,-1.93,-200,LOW  BEAR 18
COP,727,9.96,0.46,124.49,2.2,10.25,200,HIGH  BULL 31
GDX,725,0.0,0.0,24.34,5.0,-36.78,-200,LOW  BEAR 17
XBI,723,0.0,0.0,78.84,2.76,4.03,-20,ETF  BULL 1
RBLX,716,-46.12,2.84,42.81,0.56,8.4,-30,HIGH  BULL 1
TIP,715,0.0,0.0,105.33,0.26,-7.82,-200,LOW  BEAR 23
IEF,700,0.0,0.0,93.14,0.23,-2.7,-200,LOW  BEAR 17
NKE,700,24.55,0.51,88.5,1.92,-19.03,-200,LOW  BEAR 14
VCSH,698,0.0,0.0,73.7,0.48,-1.39,-200,LOW  BEAR 17
SNOW,694,-83.88,1.26,177.1,1.76,-4.68,60,HIGH  BULL 3
ITW,686,22.87,1.14,195.62,3.51,1.53,-20,HIGH  BULL 1
ISRG,675,56.62,0.88,218.49,3.06,-24.94,-200,LOW  BULL 1
F,664,4.2,1.37,12.19,3.57,-4.52,70,HIGH  BEAR 10
PXD,661,10.2,1.06,264.35,4.07,-4.47,200,MID  BEAR 4
CCI,659,33.16,1.23,123.59,-2.53,-9.97,-200,MID  BEAR 14
XLP,659,0.0,0.0,68.91,1.53,-7.13,-20,ETF  BEAR 4
CAT,651,14.86,0.66,190.22,6.07,-18.38,-200,LOW  BEAR 8
KRE,647,0.0,0.0,60.44,1.31,-4.76,-20,MID  BEAR 10
LOW,642,13.43,0.57,182.37,2.28,1.29,70,HIGH  BEAR 10
MS,641,10.75,0.48,79.22,3.42,0.62,80,HIGH  BULL 2
EWJ,630,0.0,0.0,49.29,1.75,-8.04,-200,LOW  BEAR 15
VTI,627,0.0,0.0,187.49,2.3,-8.8,-30,MID  BEAR 10
CHTR,620,9.65,1.17,330.4,0.69,-27.22,-200,LOW  BEAR 16
OIH,616,0.0,0.0,277.28,5.03,-19.11,30,MID  BULL 1
INTU,611,56.92,0.53,417.18,4.0,-7.22,-20,HIGH  BEAR 11
XLB,596,0.0,0.0,72.32,3.46,-13.24,-200,ETF  BULL 1
KLAC,594,12.41,1.46,290.63,4.92,6.17,-30,MID  BULL 1
COIN,592,-53.95,4.06,66.38,4.39,-46.54,-200,LOW  BULL 1
THC,591,7.25,14.3,37.5,-30.96,-26.51,-200,LOW  BULL 1
BMY,589,23.3,0.38,72.21,2.64,-8.17,-80,LOW  BEAR 13
IEMG,587,0.0,0.0,43.46,1.35,-11.29,-200,LOW  BEAR 10
HBAN,587,11.73,2.86,14.45,9.47,0.5,60,HIGH  BULL 2
HAL,586,21.46,1.94,33.88,7.01,-28.2,-160,LOW  BEAR 4
TZA,585,0.0,0.0,38.78,-6.49,2.6,20,LOW  BULL 10
PM,584,15.34,0.44,86.51,1.74,-5.38,-200,MID  BEAR 14
TNA,576,0.0,0.0,32.25,6.47,-28.48,-30,MID  BEAR 10
MDB,576,-35.86,4.57,188.9,-1.1,-35.42,-200,LOW  BEAR 9
UBER,575,-5.51,1.04,28.02,0.54,-5.98,70,HIGH  BULL 2
CME,575,20.89,0.94,169.99,-0.24,-14.0,-200,LOW  BULL 2
EOG,571,13.86,0.72,135.0,2.59,1.31,200,MID  BULL 1
TMUS,570,99.61,0.33,136.46,0.32,9.68,200,HIGH  BULL 3
PINS,569,65.71,3.96,21.5,-6.4,12.46,60,HIGH  Breakout
CLR,565,9.2,2.11,74.0,0.28,10.7,200,HIGH  BULL 19
CI,563,16.78,0.62,301.34,2.39,12.19,200,HIGH  BULL 3
AA,563,-61.56,7.65,41.06,5.53,-39.22,-20,LOW  BULL 1
UVXY,561,0.0,0.0,12.07,-0.66,-22.92,-200,LOW  BEAR 3
CMG,558,56.91,1.31,1549.82,0.89,5.59,140,HIGH  BULL 3
MDLZ,555,20.35,0.71,57.35,0.77,-5.95,-200,MID  BEAR 13
BKNG,553,46.88,0.77,1822.79,2.77,-11.54,-200,MID  BULL 1
TGT,552,17.35,0.76,159.19,3.1,-29.42,40,LOW  BULL 3
UPRO,551,0.0,0.0,31.97,7.21,-30.34,-200,MID  BEAR 14
NOC,548,14.25,0.68,522.66,1.99,5.81,200,HIGH  BULL 3
SH,541,0.0,0.0,16.44,-2.43,6.93,30,MID  BULL 10
KWEB,541,0.0,0.0,21.45,0.52,3.42,-200,China  BEAR 5
EQT,541,-17.28,3.83,37.88,-7.02,9.96,200,HIGH  BULL 1
WHR,537,18.5,7.61,131.22,-0.08,-9.26,-200,LOW  BEAR 10
HON,535,24.24,0.44,182.81,2.91,-2.79,-20,MID  BEAR 10
UAL,531,-17.58,4.05,40.44,3.56,-14.56,20,LOW  BULL 3
ON,528,16.53,1.89,65.68,6.76,30.42,200,HIGH  BEAR 2
GILD,527,20.54,0.62,67.79,2.46,3.98,90,HIGH  BULL 3
FISV,525,30.51,0.85,96.74,1.82,3.91,-20,HIGH  BULL 1
ADI,525,39.93,0.7,146.59,3.17,-5.01,-60,LOW  BEAR 17
DE,522,18.74,0.46,383.06,4.8,-14.98,70,MID  BULL 1
UPS,519,13.1,0.37,165.55,2.84,4.2,-20,HIGH  BEAR 10
USB,518,9.16,0.86,40.51,1.25,-10.02,-200,MID  BULL 1
EL,517,30.15,0.72,201.8,0.42,-7.89,-200,MID  BEAR 10
NOW,515,395.95,0.72,360.67,1.24,-8.63,-200,MID  BULL 1
PH,513,26.3,1.49,269.39,3.65,-1.4,-30,MID  BEAR 14
SPGI,510,26.83,0.52,295.94,1.34,-6.56,-30,MID  BEAR 13
ROKU,507,-150.36,7.39,50.15,-3.33,-38.73,-200,LOW  BEAR 17
JPST,507,0.0,0.0,50.11,0.06,-0.22,50,MID  BEAR 1
AAL,501,-5.54,5.65,13.71,1.86,-27.57,-200,LOW  BULL 1
SLV,501,0.0,0.0,17.76,3.44,-25.47,-200,LOW  BEAR 16
VCIT,499,0.0,0.0,74.02,0.49,-3.73,-200,LOW  BEAR 17
VTV,498,0.0,0.0,131.31,2.47,-7.37,-30,MID  BEAR 10
MDT,494,21.26,0.45,83.26,0.98,-18.59,-200,LOW  BEAR 14
PFG,493,4.6,2.52,78.84,1.65,4.15,200,HIGH  BULL 2
MELI,491,179.22,1.18,844.9,2.98,-14.1,60,HIGH  BULL 1
BIDU,491,-17.47,1.52,91.23,-2.29,9.34,-50,China  BEAR 5
ABNB,490,62.33,0.64,119.95,2.52,-27.42,40,MID  BULL 2
BLK,490,16.16,0.55,597.26,4.35,-0.87,-20,MID  BEAR 10
NUE,490,4.05,1.43,135.56,8.52,-16.45,200,MID  BULL 2
ADP,488,32.78,0.51,232.74,1.42,6.4,-20,HIGH  BEAR 10
RF,487,8.22,2.67,19.52,-1.11,2.44,80,HIGH  BULL 2
BND,484,0.0,0.0,69.5,0.17,-3.28,-200,LOW  BEAR 17
GM,483,5.8,0.97,35.0,4.67,-1.88,60,HIGH  Breakout
DG,481,23.32,0.9,239.37,0.91,-3.17,-30,HIGH  BULL 2
TFC,480,8.91,0.88,41.51,2.7,-6.79,-200,MID  BEAR 14
RTX,477,29.17,0.37,88.54,1.49,-15.79,-160,LOW  BEAR 10
CTSH,471,13.81,1.52,60.28,0.84,-23.59,-200,LOW  BEAR 14
VNQ,469,0.0,0.0,78.15,0.79,-13.42,-200,MID  BEAR 14
VWO,467,0.0,0.0,36.75,1.46,-8.91,-200,LOW  BEAR 9
GLW,463,13.59,1.71,32.19,4.17,-3.08,-200,MID  BEAR 14
GE,462,-18.07,0.59,72.82,4.07,-19.43,-20,MID  BEAR 10
NIO,462,-12.63,2.54,11.21,2.19,-3.57,-200,China  BULL 1
LIN,460,40.46,0.32,288.32,2.16,-9.78,-200,LOW  BEAR 14
CCL,460,-1.28,5.14,8.2,2.5,-47.76,20,LOW  BULL 1
SCHW,460,19.63,0.35,70.32,3.41,-3.07,60,HIGH  BULL 1
TBT,458,0.0,0.0,38.26,3.71,14.7,200,HIGH  BULL 21
ICE,458,15.41,0.89,93.05,3.01,-15.89,-20,MID  BEAR 10
XHB,456,0.0,0.0,55.06,3.11,-1.82,-30,MID  BEAR 14
AON,455,39.73,0.77,280.12,2.34,-11.7,-20,MID  BULL 2
PSA,455,22.56,0.89,292.68,-0.14,-17.91,60,MID  BEAR 8
CVS,453,14.9,0.37,92.72,1.9,-1.65,200,HIGH  BEAR 10
AZO,452,18.11,1.03,2301.03,1.87,0.1,-20,HIGH  BEAR 11
SDS,448,0.0,0.0,49.11,-4.79,11.42,20,LOW  BULL 10
FSLR,441,69.1,3.4,122.6,3.27,72.51,200,HIGH  BULL 31
PLUG,440,-15.16,4.68,16.49,0.98,6.67,120,HIGH  BULL 2
BX,438,23.4,0.73,85.43,1.65,-15.16,-200,LOW  BEAR 10
SHV,436,0.0,0.0,109.95,0.02,-0.2,-200,LOW  BEAR 6
VRTX,435,24.08,0.57,300.0,3.39,3.39,-20,HIGH  BULL 1
CMI,432,16.03,1.33,232.79,5.68,8.54,-20,HIGH  BEAR 10
ILMN,431,-1730.38,1.27,220.01,5.45,-38.54,-200,LOW  BULL 1
VLO,431,7.12,0.86,127.74,2.65,5.18,-20,LOW  BEAR 6
NEM,428,42.46,1.28,42.37,2.99,-47.9,-200,LOW  BEAR 10
AR,428,10.66,4.23,33.47,-4.29,12.55,-20,MID  BEAR 8
SHW,427,30.69,0.8,207.82,3.28,-4.72,-200,MID  BEAR 13
BIL,426,0.0,0.0,91.56,0.01,0.07,200,MID  BEAR 7
CL,424,30.67,0.71,71.47,1.74,-2.63,-30,MID  BEAR 10
EXC,424,13.71,1.18,36.72,3.32,-7.39,-70,MID  BULL 1
BIIB,420,18.86,1.09,267.62,1.89,-5.01,-200,HIGH  BULL 2
LHX,419,24.75,0.89,247.2,3.43,-8.38,-120,MID  BULL 1
SHY,419,0.0,0.0,80.94,0.26,-1.1,-200,LOW  BEAR 25
IJR,413,0.0,0.0,92.24,2.39,-8.23,-40,MID  BEAR 10
CRWD,412,-210.58,1.15,156.32,1.59,-16.53,-30,MID  BULL 1
SHYG,411,0.0,0.0,40.42,0.62,-5.68,-200,LOW  Breakdown
LH,410,9.61,2.15,211.71,0.26,-12.1,-200,MID  BEAR 16
RHI,409,11.71,5.18,73.01,-8.55,-30.91,-200,LOW  BEAR 1
PLD,407,18.95,0.54,103.08,0.61,-23.55,-200,LOW  BEAR 14
IGSB,406,0.0,0.0,48.85,0.45,-1.43,-200,LOW  BEAR 17
PNC,404,10.88,0.65,156.37,5.67,-7.7,-200,MID  BEAR 14
RJF,403,14.54,1.86,100.99,2.99,-4.1,200,HIGH  BULL 2
IUSB,403,0.0,0.0,43.4,0.21,-4.1,-200,LOW  BEAR 11
MTN,402,24.54,4.74,211.96,2.07,-11.4,-200,MID  BULL 1
GNRC,398,12.83,5.73,109.48,-0.38,-10.93,-200,MID  BEAR 15
USHY,397,0.0,0.0,33.98,0.74,-5.65,-200,MID  BEAR 15
VUG,395,0.0,0.0,219.89,2.22,-10.5,-30,MID  BEAR 14
MTUM,393,0.0,0.0,141.52,2.53,-11.25,-20,MID  BULL 1
TJX,393,23.36,0.51,67.61,3.44,1.82,90,HIGH  BULL 3
EFX,392,26.21,2.13,152.02,1.18,-9.74,-200,MID  BEAR 14
SOXX,391,0.0,0.0,321.45,3.72,-13.13,-200,MID  BEAR 10
AMT,387,31.34,0.45,187.56,-0.23,1.09,-30,MID  BEAR 14
MMM,387,16.03,0.59,116.81,3.27,-17.99,-200,LOW  BEAR 14
ALL,385,32.59,1.18,120.08,2.01,-10.79,30,MID  BULL 2
BDX,385,36.32,0.61,223.6,0.46,-0.24,200,HIGH  BULL 2
MOH,384,27.84,1.84,360.38,1.7,3.77,200,HIGH  BULL 7
DDOG,383,3972.5,1.51,82.15,-0.23,-26.76,-200,MID  BEAR 10
ACWI,382,0.0,0.0,80.83,2.12,-10.46,-200,MID  BEAR 14
GDXJ,381,0.0,0.0,29.85,5.85,-36.86,-200,LOW  BEAR 17
MCHI,381,0.0,0.0,39.9,0.91,-6.02,-200,LOW  BEAR 6
MRVL,380,-154.76,1.15,39.54,3.86,-22.0,-200,MID  BEAR 10
DXCM,380,223.58,1.02,95.68,1.4,-24.45,50,MID  BULL 3
SNPS,379,43.91,0.84,296.5,2.34,11.05,-30,MID  BEAR 15
MCK,379,38.16,0.72,370.64,3.19,12.78,200,HIGH  BULL 3
QID,375,0.0,0.0,25.41,-4.72,11.91,30,LOW  BULL 13
FANG,373,6.87,1.43,152.32,3.91,-2.1,200,MID  BULL 2
IWF,373,0.0,0.0,218.16,2.43,-9.99,-30,MID  BEAR 13
LULU,371,33.15,1.03,298.63,1.88,-13.84,70,MID  BULL 5
MPW,365,5.1,6.01,10.22,-7.01,-25.04,-200,LOW  BEAR 17
KEY,364,6.99,2.35,16.9,6.62,-12.93,-200,MID  BULL 1
VGIT,363,0.0,0.0,57.36,0.39,-2.15,-200,MID  BEAR 12
APA,363,4.51,2.61,43.19,4.05,-14.19,40,MID  BULL 1
FIS,363,55.93,0.78,77.83,1.67,-12.78,-200,LOW  BEAR 15
DAL,362,257.9,1.74,32.58,1.34,-24.12,-200,LOW  BEAR 10
PGR,362,83.56,0.51,122.45,3.02,15.77,200,HIGH  BULL 3
EXPD,361,9.9,2.38,92.95,3.57,4.81,-20,MID  BEAR 9
MRO,360,6.37,1.85,29.15,3.26,-1.61,200,MID  BULL 22
KHC,360,28.44,0.84,35.21,-0.37,-14.43,-140,LOW  BEAR 8
NXPI,357,15.58,0.95,145.25,4.47,-5.88,-200,MID  BEAR 14
MET,356,15.12,0.66,68.06,3.09,-5.85,70,HIGH  BULL 3
SSO,356,0.0,0.0,43.26,4.85,-19.02,-200,MID  BEAR 14
EW,355,36.13,0.68,84.81,1.35,-21.9,-200,LOW  BULL 1
JD,354,-63.6,0.55,42.15,-0.02,6.19,50,China  BULL 1
MAR,354,28.58,0.72,153.49,4.05,-14.0,50,MID  BULL 2
XLC,352,0.0,0.0,50.15,0.64,-17.7,-200,ETF  BEAR 14
BP,352,-8.57,0.36,31.36,1.29,0.89,200,HIGH  BULL 1
ALB,351,120.0,1.13,270.01,5.72,37.69,200,HIGH  
EXPE,351,33.68,2.32,97.27,4.42,-41.41,-200,LOW  
BSX,350,65.7,0.61,40.57,0.85,-6.08,70,MID  
STLD,349,3.93,2.09,92.92,8.49,-5.94,200,HIGH  
U,348,-13.3,4.06,29.14,-4.49,-54.93,-200,LOW  
DOW,347,5.78,1.06,46.87,4.32,-24.67,-200,LOW  
TSCO,344,21.28,1.59,197.37,4.14,-9.35,-200,MID  
INCY,343,16.61,2.19,70.58,2.35,-9.15,-100,MID  
ZTS,343,32.97,0.5,147.21,1.92,-11.48,-200,LOW  
MTB,342,16.61,1.22,161.77,0.23,15.78,200,HIGH  
KMI,341,15.69,0.87,17.52,2.34,-6.58,-20,MID  
COF,341,3.71,0.94,96.25,1.34,-23.5,-200,LOW  
ECL,340,37.61,0.82,145.91,2.76,-4.49,60,HIGH  
MPC,339,6.78,0.62,111.38,1.87,10.58,200,MID  
MDY,338,0.0,0.0,421.6,2.07,-6.91,-20,MID  
SEDG,338,79.28,3.01,202.66,2.44,2.68,-30,MID  
WBA,337,6.84,1.14,34.3,2.82,-20.53,-200,LOW  
DKNG,337,-7.14,3.06,13.21,-0.75,4.44,-20,HIGH  
XLRE,337,0.0,0.0,34.67,0.7,-13.33,-200,MID  
SYK,337,39.73,0.41,218.31,1.8,-15.34,30,MID  
PSQ,336,0.0,0.0,14.4,-2.37,8.3,30,MID  
CNC,335,22.69,0.79,73.85,-0.4,6.98,-20,HIGH  
SO,335,22.56,0.49,64.5,1.57,4.26,200,HIGH  
RSP,334,0.0,0.0,132.87,2.29,-7.73,-30,MID  
TTD,333,823.55,1.24,56.93,0.8,-0.01,80,HIGH  
BK,332,11.24,1.04,40.23,4.71,-5.12,-200,MID  
VXUS,331,0.0,0.0,47.04,1.73,-12.01,-200,LOW  
GD,329,20.11,0.5,242.6,2.17,-6.07,-20,MID  
MO,329,45.72,0.41,44.48,2.11,-17.48,30,LOW  
PSX,325,8.91,0.68,100.44,2.76,-1.7,-20,LOW  
ETN,323,23.99,0.59,139.33,3.01,-0.04,-20,HIGH  
WELL,321,68.76,1.2,57.88,-1.87,-19.83,-200,LOW  
MMC,318,22.69,0.42,154.93,0.24,-3.08,-20,MID  
CDNS,317,55.94,0.74,158.34,3.46,12.25,-20,HIGH  
ATVI,317,30.29,0.56,72.71,-0.82,-0.66,-40,MID  
ZS,316,-55.16,1.5,150.48,0.17,-17.83,-200,MID  
DHI,315,4.36,1.33,69.75,3.89,-1.07,-200,HIGH  
RIO,314,3.92,0.46,55.56,4.18,-28.22,-200,LOW  
TWLO,314,-13.04,2.33,75.45,6.46,-50.27,-200,LOW  
ODFL,312,23.45,1.08,260.43,1.08,-1.84,-30,MID  
BKR,311,-54.89,1.17,26.67,2.77,-31.27,-200,LOW  
RIVN,311,-4.18,1.08,31.92,3.87,-4.09,50,HIGH  
SCHF,309,0.0,0.0,29.12,1.82,-12.36,-200,LOW  
TEAM,309,-80.58,0.63,194.1,0.77,-5.47,-20,HIGH  
ORLY,309,22.05,0.66,744.07,1.8,-1.27,200,HIGH  
KR,309,12.79,0.99,43.63,3.46,-10.12,40,MID  
IJH,308,0.0,0.0,230.29,2.04,-6.54,-20,MID  
MSCI,306,40.26,0.96,401.48,1.99,0.15,70,HIGH  
MCHP,306,22.19,0.91,61.85,4.37,-2.82,-30,MID  
ULTA,306,17.33,1.57,382.81,0.32,3.39,200,HIGH  
FRC,306,29.63,1.5,112.35,0.79,-4.47,-30,MID  
ACI,305,6.61,2.72,21.08,2.08,-10.27,40,MID  
CINF,302,29.15,1.92,99.24,1.52,-27.48,-200,LOW  
VGK,301,0.0,0.0,48.45,1.79,-14.89,-200,LOW  
PEG,300,-27.36,1.11,54.3,0.99,-6.95,70,MID  
HES,300,28.67,0.73,135.58,4.17,7.07,200,HIGH  
CB,299,11.53,0.37,197.79,2.9,-7.11,30,MID  
IGV,296,0.0,0.0,258.88,1.75,-11.57,-200,ETF  
NCLH,295,-1.61,4.83,14.93,4.92,-34.17,40,MID  
DTE,295,27.32,1.43,107.45,1.47,-1.65,200,HIGH  
IWD,293,0.0,0.0,143.29,2.22,-7.55,-30,MID  
FTNT,291,62.88,0.7,53.75,4.19,-20.06,-200,LOW  
GOLD,290,13.29,1.1,15.01,3.45,-36.35,-200,LOW  
MNST,289,37.64,0.63,87.59,0.67,10.3,-50,MID  
X,289,1.04,5.78,21.65,8.03,-33.25,50,MID  
HLT,289,37.18,0.81,131.23,3.7,-16.69,50,MID  
DLTR,288,20.52,0.91,143.61,3.29,-15.95,-80,MID  
ITB,287,0.0,0.0,52.31,3.07,-2.63,-200,MID  
IWB,287,0.0,0.0,206.13,2.28,-8.72,-30,MID  
WBD,284,-11.83,0.88,13.49,4.41,-46.79,-200,LOW  
LNG,284,-17.35,0.65,175.79,1.09,15.9,200,HIGH  
VIG,282,0.0,0.0,141.54,2.43,-5.97,-30,MID  
ESGU,282,0.0,0.0,83.04,2.48,-8.81,-30,MID  
LVS,281,15.9,0.96,39.07,3.94,-0.18,-20,HIGH  
CF,280,8.33,1.33,107.37,2.83,-3.1,200,MID  
EQIX,280,76.16,0.58,534.6,1.6,-12.77,-200,LOW  
ETSY,279,31.11,2.25,100.91,3.56,-4.22,60,HIGH  
RCL,278,-2.81,2.27,49.2,3.54,-44.08,30,LOW  
WMB,278,24.51,0.73,31.52,2.01,-7.46,-20,MID  
APD,277,23.44,0.52,241.29,1.25,2.97,-20,HIGH  
GRMN,276,15.73,1.74,82.77,2.36,-19.75,-200,LOW  
ROP,275,13.71,0.7,370.73,0.9,-11.36,-200,MID  
HDV,274,0.0,0.0,98.16,2.08,-5.48,-120,MID  
HPE,272,4.65,1.59,13.47,5.15,-16.64,-200,LOW  
FITB,267,9.35,1.2,33.02,6.0,-12.38,-200,MID  
ZM,264,24.34,1.11,80.98,1.28,-25.69,-200,LOW  
LABD,263,0.0,0.0,23.18,-8.2,-53.12,-200,LOW  
MPWR,260,46.39,1.71,332.83,4.85,2.23,-30,MID  
EMR,260,15.56,0.54,83.16,3.76,-11.47,-200,MID  
CFG,259,10.2,1.41,37.94,5.68,-12.99,-200,MID  
M,259,3.42,5.03,19.46,4.74,-32.08,-200,LOW  
TRV,257,12.31,0.63,176.23,3.14,-6.82,-180,MID  
TT,256,22.48,0.77,144.86,3.28,9.42,90,HIGH  
RUN,255,-37.07,6.1,20.03,1.88,56.94,120,HIGH  
SE,254,-9.56,1.0,46.18,-2.55,-40.97,-200,LOW  
JCI,252,35.13,0.7,53.04,3.41,-8.47,60,MID  
BAX,252,28.11,0.9,56.43,2.6,-22.19,-200,LOW  
VEU,251,0.0,0.0,45.55,1.67,-11.63,-200,LOW  
CLF,250,2.37,3.02,16.34,7.78,-40.41,-200,LOW  
SPIB,250,0.0,0.0,30.87,0.42,-2.65,-200,LOW  
PLTR,249,-31.75,1.49,8.29,3.11,-39.33,-200,LOW  
SDOW,248,0.0,0.0,33.61,-7.49,14.42,30,MID  
IQV,248,28.64,0.76,178.15,2.04,-6.18,-40,MID  
XME,246,0.0,0.0,48.16,5.64,-22.94,-20,MID  
DUK,246,17.4,0.36,88.46,1.41,-4.01,-20,HIGH  
IEI,246,0.0,0.0,112.83,0.45,-1.91,-200,LOW  
UDOW,245,0.0,0.0,48.17,7.5,-25.68,-200,LOW  
WYNN,243,-10.18,3.71,58.8,4.76,-19.31,-200,MID  
PPG,243,24.64,0.92,112.59,3.86,-1.18,-20,HIGH  
PCG,240,158.18,0.68,14.5,3.28,4.71,140,HIGH  
DPZ,240,25.32,2.13,321.56,0.64,-6.84,-200,MID  
ALGN,239,26.2,1.51,207.67,4.74,-38.02,-200,LOW  
QLD,239,0.0,0.0,38.57,4.78,-25.58,-200,MID  
ANET,238,32.49,0.72,110.52,4.62,-3.44,120,HIGH  
MCO,237,25.74,0.54,242.03,1.95,-10.19,-30,MID  
YANG,237,0.0,0.0,27.71,-1.63,0.5,50,LOW  
WM,236,30.81,0.36,159.83,0.35,9.0,200,HIGH  
SPTL,236,0.0,0.0,27.23,-1.63,-8.58,-200,LOW  
BURL,235,47.86,3.02,119.3,3.24,-34.19,-200,LOW  
SPG,235,15.68,0.72,101.04,2.78,-20.98,-200,LOW  
D,235,24.21,0.43,65.53,1.74,-4.38,-20,HIGH  
VT,235,0.0,0.0,81.96,2.08,-10.05,-200,MID  
POOL,235,14.48,2.09,284.83,0.32,-17.18,-200,LOW  
ROK,234,39.84,0.89,231.87,2.96,-5.73,70,HIGH  
NTES,234,14.38,0.58,62.43,-3.49,-6.58,-200,China  BEAR 9
NET,229,-61.46,1.32,54.38,1.4,-40.77,-20,MID  
DOV,229,15.05,1.32,124.85,4.83,-14.64,-200,LOW  
XEL,228,20.41,0.69,60.9,1.96,2.86,200,HIGH  
BOIL,227,0.0,0.0,33.0,-10.13,-10.76,-20,MID  
GSK,227,11.42,0.35,31.87,2.61,-34.7,-200,LOW  
FAST,227,24.61,0.87,46.09,1.63,-9.7,-200,MID  
SARK,226,0.0,0.0,63.58,-1.69,5.93,30,LOW  
SJNK,225,0.0,0.0,24.0,0.54,-4.33,-200,MID  
KDP,225,24.48,0.43,37.62,0.91,3.01,-20,HIGH  
ABC,225,16.62,0.74,147.73,3.47,-9.57,50,LOW  
VYM,224,0.0,0.0,101.39,2.52,-6.27,-30,MID  
STT,224,9.29,0.9,69.12,6.57,-2.55,50,HIGH  
CAH,223,-20.51,1.18,73.03,3.19,11.43,200,HIGH  
GIS,223,15.77,0.49,77.04,0.48,5.84,-20,HIGH  
DFS,223,5.73,0.88,94.68,2.07,-13.67,-200,MID  
SBAC,223,75.46,0.84,248.2,0.1,-8.35,-40,MID  
LCID,223,-11.93,1.03,13.31,5.63,-29.57,-200,LOW  
AJG,222,34.88,0.61,175.37,0.89,4.97,200,HIGH  
OLN,221,4.75,3.09,49.49,4.19,-7.23,-20,MID  
CTRA,220,8.31,0.94,29.67,-0.07,-2.3,200,MID  
SGOV,220,0.0,0.0,100.26,0.02,0.06,-20,MID  
AZN,219,-135.96,0.13,54.97,1.14,-10.88,-70,LOW  
ALLY,218,3.13,2.79,26.07,-0.72,-24.41,-200,LOW  
IAU,217,0.0,0.0,31.43,1.78,-11.97,-200,LOW  
O,217,63.37,0.61,57.63,0.28,-9.89,-40,LOW  
DKS,215,7.01,2.51,109.93,1.28,7.83,100,HIGH  
AIG,215,3.19,0.54,53.25,2.7,-13.47,-20,MID  
FCNCA,215,17.51,1.59,846.51,0.03,28.9,160,HIGH  
MTCH,214,109.38,1.81,43.0,0.7,-33.71,-200,LOW  
DRI,214,17.83,1.32,133.32,0.82,-3.22,60,HIGH  
WDC,214,7.38,1.96,34.86,4.15,-10.52,-200,LOW  
APTV,214,133.99,0.92,87.04,2.81,-12.43,-200,MID  
SYF,213,4.23,1.39,32.41,2.69,-17.89,-30,MID  
ET,213,8.99,0.58,12.09,1.68,4.27,200,HIGH  
XRT,212,0.0,0.0,58.84,2.46,-16.08,-30,MID  
MAA,212,29.18,1.23,149.53,1.29,-16.78,-200,LOW  
VFC,211,10.69,1.97,27.69,0.4,-24.42,-200,LOW  
WDAY,211,-195.07,0.56,149.48,2.79,-24.33,40,MID  
ADSK,209,77.91,0.49,201.39,1.8,3.87,-20,HIGH  
MOS,209,5.63,1.17,53.1,3.05,-27.88,60,MID  
HPQ,209,4.27,0.78,26.79,4.77,-26.96,-200,LOW  
BNTX,208,2.53,0.67,131.64,11.15,-5.53,-200,MID  
MGM,208,4.11,1.59,33.92,4.5,-18.03,50,MID  
DASH,207,-25.46,1.2,45.23,-0.66,-39.62,-200,LOW  
CZR,206,-5.78,2.5,39.61,5.88,-32.64,-200,MID  
TROW,206,9.54,0.9,102.52,2.81,-14.28,-30,MID  
ED,204,18.59,0.68,84.87,1.74,2.9,200,HIGH  
OVV,204,5.34,1.6,51.0,1.69,-2.72,200,MID  
WOLF,203,-65.39,1.56,105.77,3.84,-0.42,120,HIGH  
DGX,203,10.51,1.3,136.75,1.55,-4.33,-200,LOW  
AFRM,203,-7.48,3.97,18.3,1.5,-29.11,-200,MID  
BSV,203,0.0,0.0,74.33,0.35,-1.31,-200,LOW  
CSL,201,18.51,1.42,273.88,1.34,22.06,200,HIGH  
WST,200,25.15,1.16,232.88,0.68,-15.5,-200,MID  
EA,199,38.79,0.58,124.99,1.17,3.94,-60,MID  
SPTS,199,0.0,0.0,28.82,0.28,-0.95,-200,LOW  
LEN,199,4.17,1.08,73.43,2.87,0.34,-30,MID  
DOCU,198,-88.41,2.11,47.81,2.46,-37.23,-200,LOW  
BKLN,198,0.0,0.0,20.62,-0.43,-3.35,-30,MID  
EFV,198,0.0,0.0,40.38,1.84,-14.2,-200,LOW  
ADM,197,13.97,0.4,89.69,1.54,-4.65,200,HIGH  
BHP,197,4.12,0.16,50.26,4.17,-23.18,-200,LOW  
USFR,197,0.0,0.0,50.37,0.0,-0.06,-80,MID  
SYY,196,29.85,0.49,80.05,3.69,-4.78,-50,MID  
CHWY,195,-287.12,1.27,37.38,7.29,-15.12,-40,MID  
EWY,195,0.0,0.0,50.34,1.61,-19.26,-200,LOW  
EWU,194,0.0,0.0,27.19,1.53,-15.47,-200,LOW  
IBN,194,21.28,0.26,22.01,3.24,15.29,200,HIGH  
AEP,194,17.09,0.44,85.63,2.03,2.23,200,HIGH  
VTWO,194,0.0,0.0,69.83,2.29,-7.07,-30,MID  
SRE,192,38.16,0.43,142.28,1.82,2.05,200,HIGH  
UUP,191,0.0,0.0,30.11,-0.86,9.15,200,HIGH  
NVO,191,32.75,0.08,104.22,0.15,-5.14,-100,MID  
YUM,191,21.33,0.61,111.03,1.25,-6.86,-200,MID  
BNS,191,5.48,0.34,47.55,2.41,-17.23,-200,LOW  
ALNY,191,-24.34,0.81,198.88,3.06,38.5,200,HIGH  
SCHD,191,0.0,0.0,70.1,2.29,-6.5,-200,MID  
SPLK,191,-12.91,1.5,79.2,1.32,-30.78,-200,LOW  
KMB,190,21.54,0.5,113.96,1.46,-0.02,-200,LOW  
SBNY,190,21.01,2.15,142.31,-0.25,-36.24,-200,LOW  
CMA,190,9.09,2.22,65.34,0.9,-6.1,60,HIGH  
SPLG,189,0.0,0.0,44.01,2.42,-8.64,-30,MID  
STX,188,6.99,1.66,55.71,5.05,-18.19,-200,LOW  
NTR,188,6.48,0.43,82.88,0.35,-16.13,200,MID  
PCAR,187,14.21,0.6,90.17,2.97,3.0,-20,MID  
DECK,187,21.48,1.97,363.28,4.45,20.09,120,HIGH  
CVNA,186,-4.34,6.88,14.25,-1.59,-64.02,-200,LOW  
CCK,186,-26.21,1.85,83.94,1.71,-18.15,-200,LOW  
CTLT,186,23.44,1.54,67.63,-0.94,0.67,-200,MID  
APH,186,23.78,0.44,71.55,3.49,6.74,-20,HIGH  
LYB,186,4.92,0.7,82.16,3.95,-23.94,-200,LOW  
PARA,185,3.39,1.6,19.22,0.58,-34.79,-200,LOW  
URI,185,11.38,0.95,284.68,3.38,-11.48,-20,MID  
ROST,185,20.02,0.63,85.07,3.13,-12.9,60,MID  
KEYS,184,27.29,0.62,168.96,5.07,16.18,120,HIGH  
LPLA,184,37.64,0.98,238.52,1.38,5.83,200,HIGH  
FBHS,183,9.5,2.64,55.12,3.14,-9.81,-200,MID  
KMX,183,10.9,2.08,55.69,-1.38,-5.49,-200,LOW  
GPN,183,411.66,0.58,114.25,1.3,-8.28,70,HIGH  
OKTA,182,-9.54,2.14,55.01,1.12,-56.59,-200,LOW  
IWN,182,0.0,0.0,136.55,2.24,-8.21,-30,MID  
FE,181,15.24,0.88,36.41,0.91,-12.61,50,MID  
EFG,181,0.0,0.0,74.64,1.72,-15.11,-200,LOW  
PRU,180,17.07,0.5,98.29,3.25,-17.53,-200,LOW  
LUV,180,19.72,0.92,33.1,0.88,-18.97,-200,LOW  
VIXY,179,0.0,0.0,16.42,-0.36,-11.68,-200,LOW  
CHK,177,-1.2,1.51,97.02,-1.84,12.14,200,HIGH  
IFF,176,37.77,0.74,94.07,3.14,-8.07,-200,LOW  
VGSH,176,0.0,0.0,57.6,0.26,-1.03,-200,LOW  
FLT,175,13.62,1.39,170.47,3.95,-15.57,-200,LOW  
TECK,174,4.32,0.96,35.21,6.73,-20.08,40,MID  
XPEV,173,-6.3,2.54,8.13,2.39,-41.41,-200,China  BEAR 31
USMV,172,0.0,0.0,68.02,1.8,-5.86,-30,MID  
IPG,172,11.06,1.57,28.24,0.32,-19.69,-200,LOW  
CNI,171,18.94,0.22,112.82,2.86,-4.16,-30,HIGH  
AWK,171,18.58,0.71,132.76,2.18,-5.77,-20,MID  
SHEL,169,5.27,0.09,52.99,1.86,-7.64,40,MID  
IBB,169,0.0,0.0,120.9,2.82,0.06,-30,HIGH  
EBAY,169,58.45,0.81,38.41,2.1,-18.25,-200,LOW  
HYLB,169,0.0,0.0,33.18,0.79,-7.17,-30,LOW  
DLR,169,20.79,0.61,96.86,1.87,-17.23,-200,LOW  
SGEN,168,-32.12,0.72,128.84,1.69,7.75,-40,MID  
WY,168,9.03,0.77,29.96,3.52,-16.44,-200,LOW  
PPL,168,25.8,0.89,25.69,2.8,0.07,200,HIGH  
BILL,167,-41.24,1.27,128.38,0.79,-19.06,60,MID  
AGNC,167,-4.5,4.13,7.74,-1.15,0.42,-30,HIGH  
PDBC,166,0.0,0.0,16.83,0.18,-8.58,-200,LOW  
EPD,166,11.14,0.3,25.01,0.08,-1.22,-20,MID  
EPAM,165,51.91,0.88,331.39,-0.35,45.12,100,HIGH  
NI,165,13.75,1.67,24.49,1.41,-4.12,-20,HIGH  
TER,165,14.41,1.38,77.27,4.49,-21.11,-200,LOW  
CSGP,165,88.46,0.57,71.8,1.74,23.83,140,HIGH  
MARA,164,-6.35,12.67,11.7,7.14,-47.75,-20,MID  
VMBS,164,0.0,0.0,43.67,0.21,-2.7,-200,MID  
STOR,163,27.27,1.83,31.69,0.48,-8.99,-200,MID  
UPST,163,19.56,9.3,21.85,-4.04,-68.54,-200,LOW  
CNQ,163,7.49,0.25,58.65,3.49,-17.53,-20,MID  
TDY,163,24.16,1.0,350.48,2.93,-19.65,-200,LOW  
MSI,163,31.4,0.44,226.38,2.36,6.83,180,HIGH  
JNPR,162,23.74,1.76,28.76,4.17,-18.81,-200,LOW  
NUGT,162,0.0,0.0,25.41,9.67,-62.97,-200,LOW  
STZ,162,397.36,0.39,225.15,1.18,-2.82,-20,MID  
TECS,161,0.0,0.0,46.53,-7.86,1.47,30,LOW  
LAD,161,4.02,3.16,185.63,1.39,-16.76,-200,LOW  
GPC,160,19.31,0.71,162.35,2.84,21.66,200,HIGH  
CTVA,160,26.24,0.36,62.88,1.53,2.26,200,HIGH  
VICI,160,46.23,0.56,30.05,1.21,12.7,-20,HIGH  
HSY,160,28.71,0.34,228.22,1.55,-0.32,-20,HIGH  
IVW,159,0.0,0.0,59.79,2.5,-9.41,-30,MID  
TDG,156,36.06,0.54,537.88,1.29,-3.7,-20,MID  
WSC,155,32.69,1.87,39.75,-0.95,11.56,200,HIGH  
OTIS,155,22.56,0.56,66.79,3.15,-2.61,-30,MID  
EZU,155,0.0,0.0,34.16,2.0,-14.01,-200,LOW  
AVTR,155,21.05,1.17,19.63,-0.25,-18.44,-200,LOW  
BAM,154,16.25,0.25,38.25,1.32,-14.3,-20,MID  
ITOT,154,0.0,0.0,83.08,2.33,-8.82,-30,MID  
HUBS,154,-133.05,1.23,265.47,0.18,-26.92,-200,MID  
SAP,154,26.44,0.14,90.88,4.57,-17.27,-200,LOW  
CARR,154,10.79,0.52,35.19,3.32,-0.78,60,HIGH  
SU,153,4.86,0.34,33.38,4.67,-7.08,-90,LOW  
FDN,153,0.0,0.0,130.93,1.22,-19.35,-200,MID  
CTAS,153,32.33,0.38,399.94,1.84,2.96,200,HIGH  
VGT,153,0.0,0.0,320.39,2.63,-9.61,-200,MID  
IR,153,28.53,0.82,46.79,3.52,4.75,-20,HIGH  
SPDW,152,0.0,0.0,26.72,1.87,-13.65,-200,LOW  
SPOT,152,-478.13,0.9,88.7,1.09,-19.74,-200,MID  
UHS,151,8.47,2.37,90.0,-4.31,-31.99,-200,LOW  
NVAX,151,-1.02,10.38,19.34,12.57,-41.89,-200,LOW  
WRB,151,14.28,0.8,71.35,1.55,0.18,30,MID  
OMC,151,10.98,1.07,70.18,3.25,-12.88,-200,MID  
CEG,150,29.38,0.54,87.28,3.22,31.18,160,HIGH  
AFL,150,8.86,0.39,60.97,3.08,-5.51,200,MID  
FTI,150,-19.73,3.1,10.8,4.15,3.31,200,HIGH  
TOST,150,-32.53,1.44,20.78,6.95,6.14,70,HIGH  
HST,150,22.26,1.19,17.84,3.48,-10.72,-20,MID  
TSN,149,5.78,0.64,65.12,0.8,-22.48,-200,LOW  
BHVN,149,-1.36,27.34,14.08,17.73,44.15,200,HIGH  
UL,148,20.66,0.13,44.56,2.39,2.72,-200,MID  
WTW,148,6.55,0.65,210.72,2.55,-9.1,-20,MID  
RSG,148,30.41,0.35,133.54,0.94,10.46,200,HIGH  
BBY,147,8.1,1.03,63.77,1.46,-20.23,-200,MID  
LYFT,147,-5.29,3.12,13.56,1.88,-50.12,-200,LOW  
IDXX,146,42.34,0.53,337.65,1.95,-25.3,-200,LOW  
MASI,146,37.45,2.06,135.96,0.57,14.61,-20,HIGH  
RRC,146,12.65,2.16,25.85,-4.44,-4.69,-20,MID  
VRSN,145,23.68,0.76,179.15,0.27,-12.7,-20,MID  
AMP,145,8.89,0.51,267.01,3.56,-3.7,70,HIGH  
QUAL,144,0.0,0.0,108.74,2.54,-9.72,-200,MID  
PODD,144,455.34,0.94,227.0,6.96,-4.54,120,HIGH  
SPLV,144,0.0,0.0,58.82,1.66,-5.41,-20,MID  
CVE,144,8.69,0.4,18.89,3.22,2.67,-20,LOW  
BNDX,143,0.0,0.0,47.08,0.21,-4.92,-200,LOW  
RH,142,8.72,2.55,240.4,3.78,-21.48,-200,MID  
UNG,142,0.0,0.0,17.82,-5.36,11.6,-20,MID  
SCHX,142,0.0,0.0,44.22,2.27,-8.96,-30,MID  
TLH,142,0.0,0.0,101.92,-1.21,-8.44,-200,LOW  
VRSK,141,25.03,0.54,166.99,0.78,-10.82,-20,MID  
AAP,141,19.23,1.37,171.34,0.62,-18.95,-200,LOW  
DD,141,14.89,0.51,55.58,3.39,-15.71,-200,LOW  
NVS,141,7.32,0.08,77.1,2.05,-9.83,-200,LOW  
PAYX,141,28.1,0.35,112.16,0.99,-7.73,-30,MID  
BRO,140,28.32,0.81,61.53,1.05,-6.77,-20,HIGH  
CCJ,140,191.42,1.5,23.8,2.59,-0.03,200,HIGH  
CPRT,140,23.94,0.54,109.63,0.75,-3.58,-30,MID  
REG,139,19.63,1.47,55.67,2.5,-10.91,40,MID  
JBHT,138,18.2,0.82,165.32,3.01,0.1,-30,MID  
ACWX,138,0.0,0.0,41.1,1.76,-12.56,-200,LOW  
WMS,138,26.2,1.38,119.92,2.69,25.45,200,HIGH  
SWKS,137,10.39,1.03,84.14,3.32,-15.87,-200,MID  
KIE,137,0.0,0.0,38.69,2.41,-5.77,-20,MID  
FMC,137,21.31,0.94,117.2,1.6,-21.91,40,LOW  
VEEV,137,62.17,0.56,157.63,0.87,-10.07,-200,MID  
A,137,28.95,0.36,129.88,3.13,8.77,80,HIGH  
SWK,136,10.87,1.26,73.95,2.49,-38.09,-200,LOW  
KNX,136,8.57,1.82,47.41,1.96,7.59,-30,MID  
NDAQ,136,24.81,0.48,57.74,1.58,4.83,120,HIGH  
GWW,136,20.07,0.52,519.68,2.06,12.8,200,HIGH  
TAN,135,0.0,0.0,66.55,1.81,19.83,200,HIGH  
AME,135,25.01,0.5,119.18,3.54,-3.34,-20,HIGH  
SRPT,135,-19.48,1.37,112.7,0.53,45.02,200,HIGH  
INFY,134,26.06,0.18,18.3,2.29,-6.66,-200,MID  
PFF,134,0.0,0.0,30.01,-0.4,-4.69,-200,MID  
IT,133,31.15,0.59,289.75,3.28,-0.07,100,HIGH  
BLDR,133,3.28,1.54,56.32,3.43,-3.87,-200,MID  
LI,132,-356.59,0.73,17.77,2.72,3.91,-60,China  BEAR 31
CMS,131,11.89,0.83,54.43,0.85,-3.4,200,HIGH  
STIP,131,0.0,0.0,97.11,0.44,-5.04,-200,LOW  
OKE,131,16.04,0.52,56.6,2.78,-13.41,-20,MID  
TEL,130,14.62,0.36,114.89,3.59,3.75,-20,HIGH  
SUI,130,44.25,0.89,118.95,-1.44,-15.65,-200,LOW  
HOLX,130,10.32,0.84,62.51,1.48,-9.33,-200,LOW  
TECL,130,0.0,0.0,23.9,8.14,-33.75,-200,LOW  
SCCO,129,12.93,0.35,48.78,3.46,-36.25,-200,LOW  
ICLN,129,0.0,0.0,17.94,1.76,8.88,200,HIGH  
RGEN,129,58.14,1.39,167.03,-2.29,51.59,-20,HIGH  
CROX,129,8.85,2.76,77.71,6.02,3.76,70,HIGH  
CPNG,129,-27.87,0.47,15.99,-3.09,7.79,-20,HIGH  
SAIA,129,14.61,2.63,189.25,1.55,-2.25,-40,MID  
SUB,128,0.0,0.0,102.71,-0.05,0.17,-200,MID  
VMC,128,34.78,0.63,155.43,4.2,-3.05,70,HIGH  
SCHP,128,0.0,0.0,51.79,0.23,-6.88,-200,LOW  
BAH,127,26.06,0.97,101.03,1.49,11.59,200,HIGH  
IXUS,126,0.0,0.0,52.34,1.77,-12.6,-200,LOW  
KOLD,125,0.0,0.0,25.73,9.58,-63.58,-200,LOW  
VO,125,0.0,0.0,193.66,2.06,-8.36,-20,MID  
SRLN,125,0.0,0.0,41.05,0.27,-4.98,-200,MID  
NTRS,125,10.46,0.76,79.67,3.19,-11.27,-200,MID  
EWT,125,0.0,0.0,42.21,1.03,-14.73,-200,LOW  
TTWO,125,129.41,0.6,125.55,1.34,-8.97,-200,MID  
ANSS,124,40.68,0.67,214.15,1.73,-11.21,-200,MID  
HIG,124,10.35,0.57,67.19,2.41,-8.78,-20,MID  
ICLR,123,69.13,0.87,177.99,2.02,-8.63,-200,MID  
ARGX,122,-22.86,0.6,376.7,4.08,15.9,200,HIGH  
CAR,122,3.85,1.36,189.35,4.89,-41.06,-200,LOW  
VB,122,0.0,0.0,178.12,2.0,-8.14,-20,MID  
EWG,121,0.0,0.0,21.19,2.22,-18.15,-200,LOW  
TFI,121,0.0,0.0,43.85,-0.57,-2.33,-200,LOW  
FAS,121,0.0,0.0,63.04,8.8,-27.56,-30,MID  
LW,121,29.17,1.03,81.72,-1.16,16.79,-20,HIGH  
MUSA,120,12.06,1.83,283.18,2.24,18.3,200,HIGH  
TTE,120,6.47,0.09,52.18,0.64,-1.0,-160,LOW  
CYTK,120,-20.24,2.73,46.42,-1.96,43.74,200,HIGH  
STM,120,10.63,0.4,33.31,3.29,-1.65,-30,MID  
CNP,119,11.35,0.71,27.01,1.54,2.11,200,HIGH  
AN,118,3.65,2.19,96.9,1.36,8.16,-20,MID  
ZBH,118,98.18,0.53,107.39,1.0,-12.33,-200,MID  
NVST,118,18.33,2.14,33.74,0.78,-19.6,-200,LOW  
HWM,117,38.46,0.81,35.37,3.97,-0.63,-20,HIGH  
ESS,117,38.47,0.79,227.78,0.47,-19.97,-200,LOW  
BMRN,117,308.76,0.7,90.01,1.48,15.33,200,HIGH  
AMN,117,10.81,2.4,114.89,7.1,-0.64,-40,MID  
ACHC,116,25.39,1.69,77.51,-3.03,23.31,200,HIGH  
WSM,116,6.69,1.51,117.61,3.61,2.15,-20,HIGH  
MLM,116,24.61,0.6,315.31,3.64,-3.62,-20,HIGH  
VTIP,116,0.0,0.0,47.69,0.51,-2.3,-200,LOW  
BBWI,116,8.04,1.52,33.71,2.99,-28.65,50,MID  
PNR,116,11.58,1.79,39.62,1.56,-12.12,-200,LOW  
OC,115,7.29,1.41,85.95,5.73,-2.7,-20,LOW  
PSTG,115,-598.0,1.36,28.81,4.23,-2.07,140,HIGH  
NRG,115,2.9,1.17,42.36,4.03,9.02,200,HIGH  
AVB,115,30.01,0.47,174.89,1.66,-13.15,50,MID  
EXR,115,24.9,0.52,165.96,0.11,-7.54,140,HIGH  
LNT,115,17.71,0.93,49.76,2.18,-1.27,200,HIGH  
FIVE,114,32.19,1.52,138.27,5.38,-21.77,50,MID  
ERX,114,0.0,0.0,66.37,5.74,-5.26,200,MID  
FAZ,114,0.0,0.0,24.15,-8.87,8.66,20,LOW  
ENB,114,18.75,0.15,37.88,1.91,-9.91,-120,LOW  
PCTY,114,131.68,0.97,214.71,-1.01,27.14,180,HIGH  
RNR,114,-6.58,1.87,138.8,-0.3,-6.8,20,MID  
BEKE,113,-18.68,0.78,11.65,0.95,32.28,100,China  BULL 21
IP,113,6.5,0.96,33.08,3.67,-14.24,-200,LOW  
KKR,113,48.94,0.29,46.34,3.18,-8.74,-200,MID  
ZION,113,8.38,1.58,47.82,1.46,-10.47,50,MID  
NRGU,113,0.0,0.0,573.37,8.03,-4.81,200,MID  
CBRE,113,11.09,0.52,69.31,2.27,-6.12,-30,HIGH  
IEX,112,30.02,0.74,203.95,2.34,8.49,-20,HIGH  
PEAK,112,54.19,0.93,22.44,-0.04,-21.54,-200,LOW  
JEPI,112,0.0,0.0,52.43,1.57,-9.0,-200,MID  
AEM,112,33.44,0.58,43.07,5.1,-31.26,-200,LOW  
FERG,111,10.25,0.52,103.69,1.48,-10.44,-20,LOW  
RMD,111,41.77,0.35,222.28,2.24,-1.42,-30,HIGH  
FEZ,111,0.0,0.0,33.17,2.03,-13.46,-200,LOW  
TEVA,111,-8.89,1.2,8.44,4.07,-13.08,-20,MID  
QYLD,110,0.0,0.0,16.13,1.57,-15.21,-200,LOW  
ES,110,18.98,0.44,72.59,1.27,-0.94,200,HIGH  
NTAP,110,15.03,0.78,65.6,4.99,-6.04,-20,MID  
RL,110,11.0,1.81,90.71,1.13,-14.42,-200,MID  
SCZ,110,0.0,0.0,49.87,1.88,-15.0,-200,LOW  
IBKR,110,25.35,1.4,76.67,1.16,5.53,80,HIGH  
ASHR,110,0.0,0.0,26.6,0.57,-6.4,-200,China  BEAR 15
CP,110,36.62,0.17,70.86,2.77,0.8,-20,HIGH  
IDEV,110,0.0,0.0,49.97,1.83,-15.36,-200,LOW  
USO,109,0.0,0.0,70.57,0.56,-7.49,-80,LOW  
SCHB,109,0.0,0.0,43.9,2.33,-11.74,-20,MID  
SQM,109,12.9,0.41,94.08,5.68,30.41,200,HIGH  
GUSH,109,0.0,0.0,175.91,4.15,-9.98,200,MID  
AES,109,-46.32,0.68,24.48,4.26,2.5,160,HIGH  
WPM,109,20.14,0.75,32.69,4.41,-34.88,-200,LOW  
EWW,108,0.0,0.0,47.43,2.48,-12.26,-200,LOW  
HII,108,17.06,1.09,249.89,2.83,4.99,200,HIGH  
CLX,108,36.38,0.65,136.25,2.36,1.96,70,HIGH  
MTD,108,32.21,0.41,1174.38,2.66,-12.26,-20,MID  
DELL,108,4.98,0.4,36.85,5.71,-17.09,-200,LOW  
EWA,108,0.0,0.0,20.4,2.41,-17.45,-20,LOW  
VV,108,0.0,0.0,170.92,2.31,-12.12,-20,MID  
DUST,107,0.0,0.0,23.59,-9.41,113.19,200,HIGH  
SNA,106,12.32,0.97,207.75,2.27,4.54,-20,MID  
ARE,106,71.66,0.5,132.05,2.17,-19.6,-30,MID  
INVH,105,58.17,0.53,33.1,1.72,-8.11,60,MID  
HAS,105,16.79,1.18,65.49,2.15,-7.27,-200,LOW  
CRL,105,22.97,1.04,200.18,0.35,-24.37,-200,LOW  
BXP,105,17.25,0.93,72.5,0.28,-32.02,-200,LOW  
IVE,105,0.0,0.0,136.25,2.28,-7.74,-30,MID  
WEC,105,19.97,0.39,86.65,1.42,1.84,200,HIGH  
LYV,104,-1753.9,0.57,79.53,0.85,-18.13,-30,MID  
ALK,104,96.32,2.01,41.01,2.83,-20.1,40,MID  
KIM,103,17.22,0.86,19.69,2.45,-13.43,-20,LOW  
VOD,103,13.5,0.33,11.31,0.8,-26.16,-200,LOW  
PWR,103,42.23,0.54,133.41,2.04,5.65,200,HIGH  
TCOM,102,-38.53,0.67,23.94,2.92,16.54,140,China  BEAR 2
RRX,102,30.25,1.05,147.5,1.52,4.27,80,HIGH  
WSO,102,15.69,1.26,248.33,4.08,-9.43,100,MID  
PHM,102,3.86,1.19,37.49,2.46,-4.39,-200,MID  
KBE,101,0.0,0.0,45.79,1.51,-4.23,-20,MID  
FHN,101,15.7,0.78,24.19,0.62,-0.17,200,HIGH  
COWZ,101,0.0,0.0,45.39,3.14,-7.66,50,MID  
KRTX,101,-34.76,1.45,210.17,3.31,88.31,200,HIGH  
APO,100,14.45,0.35,51.2,4.17,-0.82,-20,HIGH  
CG,100,4.78,1.06,26.4,2.8,-29.36,-200,LOW  
TDOC,100,-0.39,2.6,24.03,0.46,-48.22,-200,LOW  
AMCR,99,20.9,0.6,11.3,3.76,4.51,-60,MID  
TXT,99,16.6,0.75,62.94,3.28,-5.99,-30,MID  
CPG,99,3.32,2.38,7.52,3.58,9.9,40,MID  
WAT,99,24.06,0.6,282.12,2.59,3.82,-200,LOW  
YUMC,99,24.86,0.52,45.14,-0.4,14.97,140,China  BULL 2
TXRH,99,25.2,1.56,95.46,2.28,6.97,200,HIGH  
RWM,99,0.0,0.0,25.08,-2.15,4.41,20,MID  
VDE,98,0.0,0.0,121.69,2.7,1.88,200,MID  
IWR,98,0.0,0.0,64.24,2.07,-8.38,-20,MID  
MTDR,98,7.64,1.26,67.32,4.21,7.27,200,HIGH  
JDST,97,0.0,0.0,13.25,-11.84,96.06,200,HIGH  
WCN,97,49.04,0.29,130.64,0.74,5.8,200,HIGH  
GFI,97,7.86,1.38,8.04,4.96,-47.4,-200,LOW  
W,97,-3.61,2.8,33.19,3.23,-51.25,-200,LOW  
SPYG,97,0.0,0.0,51.81,2.53,-9.42,-30,MID  
SCHR,96,0.0,0.0,48.32,0.42,-2.58,-200,LOW  
VOYA,96,9.21,1.56,63.24,0.75,-7.64,40,MID  
DAR,96,18.0,0.78,77.75,5.34,-5.7,160,HIGH  
BTU,96,4.53,2.84,23.87,3.47,-24.89,200,MID  
MHK,96,6.15,1.59,95.37,3.1,-11.11,-200,LOW  
PAYC,95,84.91,0.5,323.01,1.48,16.05,-20,HIGH  
NE,95,-3.76,2.16,34.13,3.64,-2.54,200,HIGH  
CHD,95,22.79,0.54,73.19,1.36,-20.31,-200,LOW  
FNDF,95,0.0,0.0,26.28,1.7,-12.55,-200,LOW  
IVZ,94,6.3,1.42,14.89,3.33,-19.14,-200,LOW  
TRGP,94,27.77,0.63,67.79,3.07,-9.1,200,MID  
ICSH,94,0.0,0.0,49.94,0.06,0.02,40,HIGH  
EXAS,94,-7.92,1.64,32.86,2.59,-41.07,-200,LOW  
QQQM,94,0.0,0.0,113.33,2.4,-11.35,-30,MID  
K,94,16.51,0.38,72.24,0.67,5.51,-30,MID  
S,93,-19.48,1.48,22.64,-0.18,-19.72,50,MID  
ZI,93,143.22,0.53,44.87,-0.16,-20.24,-20,MID  
ZEN,93,-33.89,0.99,76.4,-0.35,-40.71,30,LOW  
UDR,93,82.72,0.73,39.2,0.8,-23.61,-200,LOW  
AEE,92,19.87,0.46,77.58,1.25,-1.05,200,HIGH  
IUSG,92,0.0,0.0,83.0,2.49,-9.24,-30,MID  
ENTG,92,24.98,0.81,77.28,1.8,-11.4,-200,MID  
IWO,92,0.0,0.0,213.71,2.1,-5.92,-20,HIGH  
ETR,91,16.97,0.44,102.29,2.32,-3.7,200,HIGH  
FND,91,25.71,1.31,67.24,3.89,-1.79,-20,MID  
SPSB,91,0.0,0.0,29.05,0.35,-1.24,-200,LOW  
VST,91,-9.86,1.02,21.75,1.07,1.73,-20,MID  
TRP,91,16.58,0.22,43.07,2.62,-17.93,-160,LOW  
LAC,91,-49.22,2.65,26.3,11.21,-7.82,90,HIGH  
TD,91,9.94,0.08,63.2,2.55,-9.75,-200,MID  
ZBRA,90,27.41,0.67,263.04,2.66,-24.29,-200,LOW  
DQ,90,2.26,2.52,48.37,1.79,38.96,-20,China  BEAR 2
LTHM,90,50.45,1.69,30.42,7.95,32.25,200,HIGH  
TFX,90,18.18,0.99,197.67,2.07,-28.51,-200,LOW  
FMX,90,16.88,0.38,66.21,2.73,-18.48,30,LOW  
TECH,90,40.84,0.81,283.29,0.41,-25.86,-200,LOW  
BALL,89,20.67,0.58,49.2,1.42,-32.29,-200,LOW  
AKAM,89,23.61,0.66,85.88,2.04,-24.44,-200,LOW  
DT,89,232.54,0.94,33.4,-0.74,-4.99,-200,HIGH  
CDW,89,21.72,0.41,162.43,2.53,0.94,-20,MID  
TS,89,9.54,0.51,29.74,1.74,-13.02,30,MID  
SI,89,15.41,5.29,53.96,-2.1,-36.39,60,MID  
MKTX,89,37.82,0.99,243.02,4.99,0.84,-200,MID  
CHPT,89,-13.8,2.12,12.65,2.35,8.0,90,HIGH  
INDA,88,0.0,0.0,41.73,1.43,-0.93,70,HIGH  
VTR,88,919.42,0.6,37.13,-0.83,-18.1,-200,LOW  
SJM,88,25.9,0.58,142.81,1.25,-2.02,200,HIGH  
HSBC,88,7.3,0.08,27.22,2.25,-10.07,-160,LOW  
DVY,88,0.0,0.0,112.29,2.34,-5.64,-20,MID  
QRVO,87,10.8,1.0,85.49,4.1,-20.29,-200,LOW  
WAB,87,24.76,0.56,86.57,3.08,-1.72,-20,MID  
FOXA,86,7.46,0.97,29.43,1.45,-11.89,-200,MID  
MAS,86,12.12,0.84,46.39,3.85,2.47,-200,MID  
CHRW,86,10.64,0.74,94.08,1.74,10.54,200,HIGH  
PENN,86,23.1,1.83,30.43,4.57,-16.53,-200,MID  
CPB,85,19.9,0.57,50.25,0.74,3.74,-20,MID  
EWBC,85,10.01,0.92,66.7,3.59,-5.25,60,MID  
VCLT,85,0.0,0.0,69.53,-0.3,-10.11,-200,LOW  
WING,85,93.74,2.3,125.88,7.39,2.18,-20,MID  
SCHO,84,0.0,0.0,48.07,0.23,-1.07,-200,LOW  
XYL,84,40.17,0.51,93.86,3.1,13.51,90,HIGH  
BIO,84,-4.8,0.91,378.21,0.64,-18.96,-200,LOW  
EMN,84,7.48,0.93,74.31,2.69,-14.53,-200,LOW  
COUP,83,-11.3,2.19,51.17,-1.94,-29.29,-200,MID  
SRTY,83,0.0,0.0,59.9,-6.54,3.01,-120,LOW  
STAG,83,23.1,1.66,28.36,1.03,-22.61,-200,LOW  
CIEN,83,32.11,1.32,43.08,5.36,-22.34,-200,LOW  
MSTR,82,-1.99,3.21,232.62,5.25,-44.4,-200,MID  
ESGE,82,0.0,0.0,27.95,1.53,-14.6,-200,LOW  
EWC,82,0.0,0.0,31.96,2.53,-12.82,-200,MID  
MKC,81,27.05,0.44,73.84,1.44,-21.31,-200,LOW  
CHKP,81,18.15,0.57,114.31,1.76,-15.67,-200,LOW  
GTLB,81,-41.49,1.2,48.0,2.41,6.17,-30,HIGH  
AVY,81,18.3,0.59,171.04,1.38,13.03,-20,HIGH  
EQR,81,19.26,0.34,64.21,0.94,-20.26,-20,LOW  
SNY,81,14.45,0.08,40.44,2.04,-26.09,-200,LOW  
SPYV,80,0.0,0.0,36.56,2.32,-7.82,-30,MID  
BWA,80,12.76,0.99,34.54,2.28,5.28,60,HIGH  
QSR,80,21.17,0.47,56.71,1.76,-0.25,120,HIGH  
BILI,80,-3.1,1.92,11.05,-0.18,-19.83,-200,China  Breakdown
NBIX,80,869.69,0.76,110.94,0.23,4.88,200,HIGH  
CRK,80,11.42,2.12,16.53,-2.48,8.68,200,HIGH  
VBK,80,0.0,0.0,198.13,1.94,-10.8,60,MID  
PBF,80,3.78,1.5,43.45,-0.82,13.46,-20,MID  
BITO,80,0.0,0.0,11.84,0.85,-53.67,-200,LOW  
FFIV,80,25.59,0.92,147.62,3.26,-20.87,-200,LOW  
CAG,80,28.9,0.48,34.69,0.96,-5.13,-20,MID  
HOOD,79,-3.68,0.91,10.14,3.15,-8.3,50,HIGH  
CPT,79,14.79,0.66,113.89,1.44,-18.64,-200,LOW  
EQNR,78,6.85,0.07,34.43,0.15,-5.74,-20,MID  
NLOK,78,14.57,0.64,21.8,0.93,-15.41,-200,LOW  
WU,78,5.92,1.51,13.63,1.41,-22.51,-200,LOW  
ELAN,78,-32.89,1.39,12.14,1.85,-42.57,-200,LOW  
HSIC,78,14.7,0.83,70.24,3.8,-15.78,-200,LOW  
BG,77,7.76,0.56,90.8,1.08,-21.38,-20,LOW  
JBLU,76,-5.25,3.32,7.16,2.14,-34.54,-200,LOW  
SCHG,76,0.0,0.0,57.55,2.24,-14.52,-20,MID  
NVR,76,8.7,0.58,4046.65,2.2,-4.07,-200,MID  
VMW,76,29.59,0.16,109.64,1.89,4.48,90,MID  
SPWR,76,-17.68,2.81,15.76,0.77,12.94,160,HIGH  
RS,76,5.86,0.68,185.97,3.17,-0.67,200,HIGH  
TYL,76,78.09,0.55,335.95,0.42,-12.74,-20,MID  
TPR,76,8.84,1.02,31.27,2.59,0.57,-20,HIGH  
JKS,75,-113.39,3.38,45.12,1.92,7.44,-40,China  BULL 1
EIX,75,30.23,0.36,55.64,1.27,-3.77,-20,HIGH  
FNGD,75,0.0,0.0,62.44,-6.96,14.55,-140,LOW  
FTSM,75,0.0,0.0,59.41,0.07,-0.17,-20,LOW  
BJ,75,19.73,0.79,71.2,1.37,13.44,200,HIGH  
JNUG,75,0.0,0.0,26.55,11.65,-59.96,-200,LOW  
DINO,75,7.92,0.59,59.27,0.05,32.83,200,HIGH  
STLA,75,2.5,0.19,13.04,2.19,-7.33,-200,MID  
GME,75,-14.83,1.0,25.3,3.65,-24.13,-200,MID  
LII,75,16.91,0.96,224.56,4.93,4.76,80,HIGH  
LBRDK,75,7.13,0.76,75.07,-0.32,-29.07,-200,LOW  
ATO,74,18.94,0.53,101.74,1.63,-2.09,200,HIGH  
CE,74,5.22,0.73,94.64,2.81,-21.78,-200,LOW  
ELS,74,38.71,0.69,58.37,0.43,-10.78,-30,LOW  
SWAV,74,180.84,0.76,276.7,2.15,39.68,200,HIGH  
J,74,31.77,0.51,115.02,1.77,-13.21,-200,LOW  
BUD,74,20.58,0.09,46.24,2.23,-17.73,-200,LOW  
GPS,74,-9.86,2.01,10.27,5.66,-31.75,-200,LOW  
SPTI,74,0.0,0.0,27.68,0.4,-2.02,-200,LOW  
DXC,73,12.29,1.11,28.97,2.19,-14.8,-200,LOW  
BE,73,-11.32,2.32,16.69,2.71,12.68,200,HIGH  
SVXY,73,0.0,0.0,49.32,0.16,-2.24,100,HIGH  
FTV,73,33.35,0.34,61.45,3.14,11.75,100,HIGH  
XP,73,14.5,0.75,18.05,7.06,-35.57,-20,LOW  
FIVN,73,-47.39,1.91,55.38,0.16,-10.81,-20,MID  
LNC,72,9.76,0.86,50.38,5.44,-24.75,-200,LOW  
PKI,72,24.45,0.45,130.55,3.67,-11.93,-200,LOW  
ARRY,72,-30.63,3.25,15.14,2.99,128.45,200,HIGH  
HTZ,72,3.77,1.14,17.9,4.31,-15.42,-200,MID  
EQH,72,3.28,0.69,28.17,2.66,-4.02,70,HIGH  
HRL,72,24.52,0.29,44.97,0.18,-4.61,200,MID  
DGRO,72,0.0,0.0,46.69,2.62,-8.61,-20,MID  
MINT,72,0.0,0.0,98.5,0.06,-0.81,30,LOW  
BTI,72,9.29,0.09,37.5,1.13,-6.58,-100,LOW  
HDB,72,20.51,0.07,60.15,2.05,18.11,100,HIGH  
DISH,72,3.62,0.98,14.1,1.22,-46.35,-200,LOW  
MT,71,1.18,0.37,23.39,5.31,-22.93,-200,LOW  
MPLX,71,10.12,0.21,33.32,2.46,-1.1,200,HIGH  
PKG,71,10.72,0.66,116.94,3.61,-14.86,-200,LOW  
BR,71,40.4,0.33,140.99,0.42,6.42,160,HIGH  
VGLT,71,0.0,0.0,57.76,-1.72,-8.47,-200,LOW  
PTON,71,-0.88,2.9,7.34,-0.94,-57.97,-200,LOW  
GLPI,71,22.09,0.6,46.41,1.4,6.75,-30,HIGH  
WRK,71,9.05,0.86,32.86,2.72,-20.48,-200,LOW  
AGCO,70,10.89,0.83,115.71,4.69,-20.84,40,MID  
IYT,70,0.0,0.0,203.49,1.97,-5.5,60,MID  
JBL,70,8.64,0.83,62.54,4.74,4.83,90,MID  
CRSP,70,-6.26,1.77,50.84,-0.88,13.57,-40,MID  
SGFY,70,-20.38,1.02,29.26,0.03,82.88,200,HIGH  
JWN,70,7.81,2.22,20.11,3.61,-32.66,-200,LOW  
RY,69,10.08,0.06,90.72,2.66,-14.41,-200,LOW  
PLNT,69,84.3,1.34,57.81,-1.98,-16.52,-30,LOW  
PNW,69,13.22,0.96,64.18,2.44,-1.0,200,HIGH  
PEN,69,-334.57,1.07,171.23,0.65,-24.67,50,MID  
GFS,68,60.73,0.23,55.28,3.75,9.26,90,HIGH  
FNV,68,30.33,0.3,121.19,3.84,-23.75,-200,LOW  
DVA,68,9.85,0.84,89.99,-1.03,-30.13,-20,LOW  
IWP,68,0.0,0.0,80.6,2.05,-8.75,-20,MID  
OEF,68,0.0,0.0,170.24,2.42,-9.3,-30,MID  
MUR,68,14.34,0.94,47.42,4.8,-3.13,50,MID  
BMO,67,6.84,0.11,89.87,2.91,-14.59,-200,LOW  
JETS,66,0.0,0.0,16.73,1.52,-14.75,-200,LOW  
RNG,66,-5.53,2.09,33.37,0.97,-61.5,-200,LOW  
KBR,65,47.48,0.99,48.15,2.75,-11.23,-40,MID  
GLOB,65,56.61,0.92,173.67,0.84,-11.83,-20,MID  
FDS,65,38.95,0.43,407.09,1.89,4.35,160,HIGH  
TSLQ,65,0.0,0.0,51.01,-3.5
CELH,65,351.96,1.03,85.66,2.54,85.06,200,HIGH  
HQY,65,-102.85,1.04,75.62,2.22,-6.1,200,HIGH  
NTLA,65,-9.53,1.72,50.22,1.68,12.97,-30,HIGH  
SONY,65,11.67,0.08,65.04,0.48,-19.18,-200,LOW  
PTC,64,26.45,0.5,112.39,3.86,20.07,180,HIGH  
BIV,64,0.0,0.0,71.96,0.45,-2.9,-200,LOW  
STE,64,44.37,0.39,167.22,0.83,-19.16,-200,LOW  
IWS,64,0.0,0.0,99.65,2.1,-8.28,-30,MID  
ARES,63,68.26,0.32,68.37,3.04,-1.83,90,HIGH  
SEE,63,12.34,0.94,46.86,2.02,-18.28,-200,LOW  
MEDP,63,23.28,1.31,157.14,0.33,4.4,-30,MID  
SM,62,6.18,1.18,44.5,3.85,16.54,200,MID  
Z,62,-9.11,1.23,29.29,2.66,-21.63,20,MID  
ALLE,62,17.55,0.78,92.79,3.33,-11.32,-20,LOW  
WH,62,18.16,0.99,70.17,2.18,-18.6,-200,LOW  
HRB,61,11.75,0.96,41.02,1.11,62.48,200,HIGH  
DEO,61,22.77,0.07,164.21,0.37,-12.5,-200,LOW  
COO,61,29.8,0.49,259.99,1.68,-23.39,-200,LOW  
CPRI,61,7.55,1.03,43.99,3.51,-4.55,-20,HIGH  
WLK,61,4.2,0.51,94.05,4.64,-22.16,-200,LOW  
SDY,61,0.0,0.0,116.69,2.06,-4.79,-20,MID  
TRU,61,8.42,0.58,55.81,1.49,-19.19,-200,LOW  
UVIX,61,0.0,0.0,12.76,-0.7,-35.44,-100,LOW  
HR,61,72.54,0.86,18.92,0.96,-12.83,-200,LOW  
MAT,61,6.31,0.89,19.82,2.96,0.56,-90,MID  
DOX,60,18.4,0.61,82.1,2.24,2.95,-20,MID  
FTCH,60,1.69,2.18,7.44,0.0,-22.78,50,MID  
AMLP,60,0.0,0.0,40.07,1.73,1.41,200,HIGH  
LEA,60,67.88,0.79,129.07,4.44,6.44,-30,MID  
JKHY,59,37.62,0.44,187.32,1.0,-0.97,-30,HIGH  
HYD,59,0.0,0.0,49.01,-0.67,-6.19,-200,MID  
TRQ,59,10.58,1.04,28.55,-1.62,5.39,200,HIGH  
IGIB,59,0.0,0.0,47.21,0.45,-3.71,-200,LOW  
BCE,59,17.1,0.15,43.2,1.53,-15.8,-200,LOW  
AGR,59,16.86,0.39,39.43,1.78,1.58,180,HIGH  
AAWW,59,6.12,2.08,100.5,-0.14,51.3,200,HIGH  
LKQ,59,11.65,0.43,51.49,2.82,7.82,-20,HIGH  
ZIM,58,0.46,2.09,23.59,2.34,-46.74,-200,LOW  
FLOT,58,0.0,0.0,50.31,0.14,-0.49,40,MID  
LBRT,58,15.49,1.98,15.82,1.54,1.72,200,MID  
